{
    "nominal_anchor": {
        "5": 3.6066637059,
        "3": 3.5573951468,
        "1": 3.5952486152,
        "4": 3.5738595802,
        "7": 3.7161651776,
        "10": 3.8836890601,
        "15": 4.1177042368,
        "2": 3.548481552
    },
    "real_anchor": {
        "1": 2.1715794469,
        "4": 1.7648657606,
        "3": 1.7711387121,
        "20": 1.9991510903,
        "7": 1.7779330482,
        "15": 1.9058713193,
        "5": 1.7676302128,
        "10": 1.8135512838,
        "2": 1.8334780036
    },
    "makam_anchor": 3.4140181541444
}